,esp
0,0.117
1,0.235
2,0.016
3,0.174
4,-0.053
5,0.042
6,0.398
7,-0.271
8,0.174
9,0.065
10,0.19
11,0.86
12,0.367
13,0.688
14,0.283
15,0.171
16,0.936
17,0.355
18,0.475
19,0.8
20,0.31
21,0.35
22,0.01
23,0.72
24,0.381
25,0.86
26,1.26
27,0.771
28,0.72
29,0.657
30,0.469
31,0.37
32,0.26
33,0.167
34,0.538
35,0.61
36,-0.027
37,0.078
38,0.049
39,0.47
40,0.347
41,0.382
42,0.365
43,0.73
44,0.329
45,0.71
46,1.27
47,0.342
48,0.439
49,0.45
50,0.13
51,0.43
52,0.582
53,0.225
54,0.191
55,0.23
56,0.536
57,0.2
58,-0.024
59,0.291
60,0.044
61,0.92
62,0.034
63,4.67
64,0.92
65,0.051
66,0.95
67,0.8
68,0.148
69,0.93
70,3.704
71,0.461
72,0.262
73,0.142
74,0.618
75,0.48
76,0.159
77,0.239
78,0.05
79,0.155
80,0.46
81,0.129
82,0.45
83,0.201
84,0.34
85,0.107
86,0.46
87,0.29
88,0.392
89,0.032
90,1.636
91,-0.135
92,0.18
93,0.532
94,0.146
95,0.67
96,0.557
97,0.629
98,0.533
99,0.283
100,0.11
101,0.95
102,0.312
103,0.996
104,0.47
105,0.58
106,0.742
107,0.57
108,0.53
109,0.58
110,0.498
111,0.657
112,-0.04
113,0.002
114,0.228
115,0.536
116,0.42
117,0.88
118,0.62
119,0.011
120,2.169
121,0.019
122,0.043
123,0.178
124,0.183
125,0.59
126,0.032
127,0.483
128,0.544
129,0.76
130,1.01
131,0.79
132,1.309
133,0.812
134,0.854
135,0.69
136,-0.012
137,0.64
138,0.446
139,0.445
140,0.57
141,0.058
142,0.17
143,1.082
144,-0.355
145,1.835
146,0.74
147,0.07
148,0.042
149,3.49
150,1.04
151,-0.38
152,0.001
153,-0.045
154,2.382
155,0.3
156,-0.17
157,0.002
158,0.31
159,0.567
160,0.487
161,2.147
162,0.18
163,2.471
164,0.023
165,0.006
166,0.542
167,0.205
168,0.703
169,1.837
170,-0.267
171,0.519
172,0.089
173,-0.202
174,0.616
175,0.11
176,0.441
177,0.48
178,0.212
179,0.39
180,0.044
181,0.069
182,0.711
183,0.336
184,0.321
185,0.035
186,0.396
187,0.521
188,0.31
189,0.93
190,0.309
191,-0.001
192,0.08
193,0.266
194,0.56
195,0.893
196,0.718
197,0.092
198,0.76
199,0.77
200,0.92
201,0.72
202,0.108
203,1.48
204,0.8
205,0.39
206,0.44
207,0.388
208,0.064
209,0.332
210,0.801
211,-0.647
212,0.155
213,0.241
214,0.16
215,0.091
216,0.006
217,0.649
218,1.307
219,0.164
220,0.77
221,0.366
222,0.421
223,0.7
224,0.108
225,0.048
226,0.115
227,0.391
228,1.3
229,0.103
230,1.502
231,0.116
232,1.679
233,0.133
234,0.19
235,0.183
236,-0.132
237,0.112
238,0.33
239,0.127
240,0.025
241,0.039
242,0.269
243,0.66
244,0.54
245,1.18
246,0.958
247,0.007
248,0.056
249,0.05
250,0.638
251,0.146
252,0.87
253,0.465
254,1.413
255,0.69
256,0.1
257,0.029
258,1.5
259,0.683
260,0.36
261,0.014
262,0.182
263,0.04
264,1.028
265,0.377
266,0.53
267,0.293
268,0.16
269,0.204
270,0.134
271,0.85
272,0.532
273,0.741
274,-0.084
275,0.22
276,0.114
277,0.221
278,0.684
279,0.466
280,0.292
281,0.765
282,0.504
283,1.31
284,2.96
285,0.184
286,0.72
287,0.202
288,21.557
289,0.287
290,0.121
291,0.249
292,0.44
293,0.885
294,0.485
295,-0.025
296,0.11
297,0.518
298,1.14
299,0.09
300,0.177
301,1.864
302,0.69
303,0.211
304,1.11
305,0.038
306,-1.737
307,0.21
308,0.43
309,0.31
310,0.72
311,0.19
312,-0.45
313,1.377
314,0.773
315,0.38
316,0.423
317,0.209
318,0.83
319,0.069
320,0.09
321,0.009
322,0.312
323,0.212
324,1.584
325,0.274
326,0.476
327,-0.066
328,0.142
329,0.173
330,0.88
331,1.172
332,0.441
333,0.015
334,0.243
335,0.072
336,0.021
337,0.52
338,0.31
339,0.261
340,0.45
341,0.932
342,0.272
343,0.786
344,0.004
345,0.136
346,0.497
347,0.018
348,-0.048
349,0.389
350,0.58
351,0.47
352,2.64
353,0.12
354,0.35
355,0.498
356,0.197
357,0.003
358,1.14
359,0.969
360,0.235
361,0.723
362,0.371
363,0.073
364,0.009
365,0.188
366,0.079
367,1.038
368,0.019
369,0.179
370,0.438
371,1.9
372,0.28
373,0.47
374,0.46
375,0.169
376,0.06
377,0.032
378,0.051
379,-0.063
380,0.003
381,0.059
382,0.307
383,0.295
384,0.608
385,1.42
386,0.43
387,0.024
388,0.612
389,0.48
390,0.193
391,0.012
392,0.237
393,0.171
394,0.9
395,0.33
396,0.08
397,0.35
398,0.876
399,0.069
400,0.88
401,0.423
402,0.265
403,0.156
404,1.528
405,0.015
406,0.358
407,0.129
408,0.359
409,0.588
410,0.426
411,0.067
412,0.991
413,0.692
414,0.674
415,0.19
416,0.143
417,1.145
418,0.49
419,-0.088
420,-0.002
421,0.41
422,0.33
423,0.004
424,0.152
425,0.435
426,-0.596
427,0.43
428,0.258
429,0.151
430,-0.212
431,0.7
432,0.358
433,0.769
434,0.248
435,0.706
436,0.75
437,0.695
438,0.326
439,0.72
440,0.544
441,0.29
442,0.18
443,0.482
444,0.43
445,0.021
446,0.109
447,0.281
448,0.48
449,0.208
450,0.31
451,0.048
452,0.155
453,0.402
454,-0.142
455,0.643
456,0.213
457,0.04
458,2.57
459,-0.01
460,0.83
461,0.653
462,0.047
463,0.47
464,0.153
465,0.135
466,1.313
467,-0.721
468,1.393
469,0.416
470,0.31
471,0.82
472,0.4
473,0.171
474,0.164
475,0.005
476,0.52
477,0.17
478,0.051
479,0.23
480,0.64
481,0.168
482,0.372
483,0.06
484,0.33
485,-0.043
486,0.133
487,0.225
488,0.548
489,0.139
490,0.215
491,0.065
492,0.02
493,0.14
494,-0.01
495,-0.124
496,0.051
497,0.123
498,0.16
499,0.021
500,0.45
501,0.057
502,0.324
503,0.223
504,0.481
505,-0.009
506,0.409
507,0.256
508,0.48
509,0.075
510,1.657
511,0.61
512,0.023
513,0.36
514,0.27
515,1.423
516,0.251
517,0.128
518,0.27
519,0.075
520,0.33
521,1.18
522,0.31
523,0.41
524,0.081
525,0.109
526,0.3
527,0.384
528,0.008
529,1.44
530,-1.028
531,0.009
532,1.5
533,1.705
534,0.138
535,0.47
536,0.078
537,3.28
538,0.512
539,0.26
540,0.159
541,0.24
542,-0.51
543,-0.015
544,0.467
545,0.118
546,0.171
547,0.406
548,1.714
549,0.697
550,0.174
551,0.48
552,0.208
553,3.126
554,0.18
555,0.154
556,0.39
557,0.48
558,0.079
559,0.75
560,0.7
561,1.14
562,-0.011
563,0.039
564,0.521
565,0.64
566,0.582
567,0.65
568,0.084
569,-0.051
570,0.54
571,0.66
572,0.086
573,2.66
574,0.065
575,0.18
576,0.108
577,0.463
578,0.38
579,0.262
580,0.151
581,0.197
582,0.858
583,0.065
584,0.19
585,0.33
586,0.46
587,0.23
588,0.27
589,0.469
590,0.246
591,0.011
592,1.119
593,0.011
594,1.39
595,0.64
596,0.31
597,0.088
598,0.735
599,0.21
600,1.4
601,0.253
602,0.134
603,0.047
604,0.15
605,0.67
606,0.08
607,0.935
608,0.524
609,0.78
610,0.033
611,0.29
612,0.02
613,0.353
614,0.197
615,0.487
616,0.55
617,0.423
618,0.023
619,0.581
620,0.364
621,0.118
622,0.237
623,0.597
624,0.774
625,0.218
626,0.112
627,0.82
628,0.86
629,0.56
630,0.169
631,0.62
632,1.78
633,2.12
634,2.66
635,0.418
636,0.58
637,0.015
638,0.399
639,0.59
640,1.42
641,1.045
642,0.414
643,-0.058
644,0.41
645,0.356
646,0.121
647,0.246
648,1.831
649,0.308
650,-1.095
651,0.118
652,0.419
653,2.471
654,-0.45
655,0.63
656,0.345
657,-0.149
658,0.183
659,0.004
660,0.74
661,0.033
662,0.328
663,1.3
664,0.153
665,0.162
666,1.102
667,0.22
668,-0.103
669,0.002
670,0.597
671,0.46
672,-0.012
673,1.726
674,0.313
675,0.9
676,0.323
677,-0.21
678,0.14
679,0.459
680,0.417
681,0.274
682,0.06
683,0.62
684,1.776
685,0.009
686,0.081
687,0.089
688,0.209
689,0.603
690,0.282
691,0.13
692,0.556
693,0.759
694,0.422
695,0.233
696,0.957
697,0.219
698,0.7
699,0.359
700,0.482
701,0.077
702,0.113
703,0.98
704,8.09
705,0.27
706,0.067
707,0.882
708,0.737
709,0.525
710,0.168
711,1.051
712,0.897
713,0.055
714,0.054
715,0.724
716,0.03
717,0.35
718,0.373
719,0.037
720,-0.014
721,0.19
722,0.649
723,0.06
724,0.043
725,0.005
726,0.267
727,0.678
728,-0.305
729,0.11
730,0.4
731,1.255
732,0.235
733,2.615
734,0.103
735,0.012
736,0.493
737,0.85
738,0.551
739,2.275
740,0.52
741,0.019
742,0.4
743,0.478
744,1.04
745,-0.018
746,0.094
747,0.501
748,-0.213
749,0.16
750,0.47
751,0.147
752,0.328
753,0.015
754,0.119
755,0.188
756,0.973
757,0.032
758,-0.455
759,1.22
760,0.439
761,1.46
762,0.488
763,0.21
764,0.153
765,0.073
766,1.149
767,0.03
768,0.226
769,0.1
770,-0.106
771,1.496
772,0.116
773,6.46
774,0.214
775,0.077
776,0.312
777,-0.045
778,0.012
779,0.634
780,0.303
781,0.044
782,0.07
783,-0.066
784,0.17
785,0.033
786,0.448
787,0.498
788,1.31
789,0.63
790,-0.15
791,0.305
792,0.457
793,0.5
794,0.162
795,0.195
796,0.149
797,0.039
798,-0.097
799,0.196
800,1.53
801,0.032
802,0.77
803,1.28
804,0.685
805,-0.03
806,0.88
807,0.207
808,0.44
809,0.084
810,0.271
811,0.13
812,0.76
813,0.25
814,-0.002
815,0.184
816,0.032
817,0.166
818,1.316
819,0.08
820,0.288
821,0.031
822,-0.049
823,0.38
824,0.07
825,1.01
826,0.068
827,0.6
828,0.228
829,-0.028
830,0.415
831,0.031
832,0.264
833,0.084
834,0.029
835,0.118
836,-0.31
837,0.42
838,0.2
839,0.161
840,0.137
841,0.267
842,0.054
843,-0.138
844,0.437
845,0.071
846,0.207
847,-0.165
848,0.201
849,0.059
850,0.538
851,0.285
852,0.217
853,0.4
854,0.452
855,0.96
856,0.152
857,2.1
858,0.39
859,0.341
860,2.84
861,1.02
862,0.045
863,0.021
864,0.04
865,0.656
866,0.39
867,0.055
868,0.376
869,0.068
870,1.27
871,0.15
872,0.062
873,0.92
874,-0.08
875,1.268
876,0.559
877,0.83
878,0.015
879,-0.262
880,1.0
881,0.192
882,0.126
883,0.364
884,0.27
885,0.285
886,0.469
887,-0.202
888,0.32
889,0.405
890,0.435
891,0.23
892,0.082
893,0.206
894,0.775
895,-0.049
896,0.166
897,0.226
898,0.132
899,0.012
900,0.95
901,0.053
902,0.085
903,0.015
904,0.767
905,0.099
906,-0.074
907,0.45
908,0.066
909,0.369
910,0.528
911,0.11
912,0.128
913,0.59
914,0.78
915,0.462
916,0.008
917,0.064
918,0.966
919,0.043
920,0.073
921,0.843
922,0.471
923,-0.987
924,0.06
925,0.118
926,1.66
927,0.025
928,0.109
929,0.22
930,0.81
931,0.063
932,0.31
933,0.012
934,0.141
935,1.197
936,0.13
937,0.307
938,0.57
939,0.37
940,0.324
941,-0.015
942,0.85
943,0.568
944,1.045
945,0.287
946,-0.145
947,0.198
948,2.71
949,0.71
950,0.133
951,0.154
952,0.28
953,0.22
954,1.173
955,0.16
956,-0.017
957,0.87
958,0.17
959,0.176
960,0.35
961,0.26
962,0.603
963,0.141
964,0.84
965,0.313
966,0.43
967,-0.03
968,0.16
969,0.033
970,0.024
971,0.109
972,0.08
973,0.296
974,0.089
975,0.465
976,0.649
977,-0.056
978,0.232
979,0.194
980,0.373
981,0.268
982,-0.075
983,0.59
984,0.14
985,0.009
986,0.76
987,0.77
988,0.441
989,0.134
990,0.325
991,0.176
992,0.778
993,1.388
994,0.759
995,0.274
996,0.212
997,0.38
998,1.265
999,0.67
1000,0.575
1001,0.139
1002,0.618
1003,0.5
1004,-0.021
1005,0.083
1006,0.102
1007,0.055
1008,0.364
1009,0.086
1010,0.697
1011,0.28
1012,0.389
1013,0.242
1014,0.376
1015,0.158
1016,0.171
1017,0.049
1018,0.207
1019,0.14
1020,0.226
1021,0.92
1022,0.19
1023,0.762
1024,0.507
1025,0.371
1026,0.89
1027,0.1
1028,0.4
1029,1.35
1030,0.405
1031,0.127
1032,1.546
1033,0.587
1034,0.25
1035,0.299
1036,0.016
1037,1.2
1038,0.025
1039,0.06
1040,0.228
1041,0.03
1042,0.36
1043,1.35
1044,0.676
1045,0.637
1046,1.12
1047,1.812
1048,0.51
1049,-0.068
1050,0.155
1051,0.138
1052,0.654
1053,0.144
1054,0.851
1055,0.455
1056,0.39
1057,-0.239
1058,-0.055
1059,0.14
1060,0.291
1061,0.13
1062,0.505
1063,-0.065
1064,0.346
1065,-0.122
1066,2.079
1067,0.057
1068,0.488
1069,0.78
1070,0.096
1071,0.95
1072,0.198
1073,0.174
1074,0.081
1075,0.036
1076,0.417
1077,4.99
1078,1.442
1079,0.498
1080,0.62
1081,0.432
1082,0.393
1083,2.13
1084,0.067
1085,0.61
1086,0.736
1087,0.119
1088,0.485
1089,0.87
1090,0.57
1091,0.733
1092,1.6
1093,0.17
1094,0.69
1095,0.55
1096,0.064
1097,1.0
1098,0.408
1099,0.32
1100,0.192
1101,0.1
1102,0.207
1103,0.171
1104,0.488
1105,1.19
1106,0.35
1107,0.32
1108,0.693
1109,0.819
1110,0.292
1111,0.958
1112,0.14
1113,0.323
1114,0.09
1115,0.685
1116,0.125
1117,0.41
1118,0.64
1119,0.455
1120,0.206
1121,0.656
1122,0.45
1123,1.13
1124,0.64
1125,0.09
1126,1.618
1127,0.3
1128,0.154
1129,0.191
1130,0.033
1131,0.55
1132,0.017
1133,0.096
1134,0.321
1135,0.903
1136,1.105
1137,0.171
1138,0.102
1139,0.184
1140,-0.039
1141,0.439
1142,-0.01
1143,0.066
1144,-0.069
1145,0.084
1146,0.43
1147,0.103
1148,0.195
1149,0.369
1150,0.106
1151,0.144
1152,-0.187
1153,-0.24
1154,0.03
1155,0.551
1156,-0.018
1157,0.148
1158,0.042
1159,0.196
1160,0.134
1161,0.039
1162,1.489
1163,0.224
1164,0.41
1165,0.31
1166,0.212
1167,0.422
1168,0.68
1169,-0.466
1170,0.196
1171,0.063
1172,0.383
1173,0.147
1174,0.139
1175,0.117
1176,0.24
1177,0.22
1178,0.052
1179,0.453
1180,0.093
1181,0.024
1182,0.48
1183,0.384
1184,0.086
1185,0.32
1186,0.147
1187,0.014
1188,0.058
1189,0.154
1190,-0.187
1191,0.052
1192,-0.608
1193,0.47
1194,0.651
1195,0.004
1196,0.082
1197,4.09
1198,0.24
1199,0.046
1200,0.206
1201,0.7
1202,0.013
1203,0.048
1204,0.022
1205,0.174
1206,0.08
1207,0.083
1208,0.18
1209,0.157
1210,-0.3
1211,0.2
1212,0.007
1213,-0.001
1214,0.14
1215,0.069
1216,0.131
1217,0.003
1218,1.16
1219,0.281
1220,0.186
1221,-0.065
1222,0.451
1223,0.013
1224,0.216
1225,0.332
1226,0.29
1227,0.215
1228,0.438
1229,0.277
1230,0.176
1231,0.0
1232,0.19
1233,0.24
1234,0.38
1235,0.67
1236,0.75
1237,0.89
1238,0.568
1239,0.47
1240,0.074
1241,0.38
1242,0.095
1243,0.099
1244,0.18
1245,0.183
1246,0.1
1247,0.32
1248,0.22
1249,0.76
1250,0.516
1251,0.047
1252,-0.022
1253,0.007
1254,0.035
1255,0.318
1256,-0.117
1257,0.359
1258,0.238
1259,0.036
1260,0.069
1261,0.195
1262,0.02
1263,0.44
1264,0.196
1265,0.19
1266,0.078
1267,0.049
1268,0.034
1269,0.115
1270,0.522
1271,0.188
1272,0.069
1273,0.205
1274,0.003
1275,0.115
1276,0.092
1277,-0.602
1278,0.199
1279,0.13
1280,0.109
1281,0.2
1282,1.51
1283,0.383
1284,-0.027
1285,0.364
1286,0.255
1287,0.87
1288,0.47
1289,0.199
1290,0.69
1291,0.151
1292,0.116
1293,0.3
1294,1.077
1295,0.342
1296,0.218
1297,0.13
1298,0.332
1299,0.065
1300,0.03
1301,0.197
1302,0.118
1303,0.25
1304,0.338
1305,0.28
1306,0.112
1307,0.019
1308,0.067
1309,0.037
1310,0.15
1311,0.034
1312,0.068
1313,0.194
1314,1.25
1315,0.363
1316,0.154
1317,0.073
1318,0.023
1319,0.515
1320,-0.318
1321,0.57
1322,0.251
1323,0.011
1324,0.103
1325,0.737
1326,0.136
1327,0.166
1328,0.1
1329,0.068
1330,0.22
1331,0.042
1332,0.04
1333,0.575
1334,0.058
1335,0.092
1336,0.532
1337,0.36
1338,0.048
1339,0.131
1340,0.186
1341,0.373
1342,-0.513
1343,0.069
1344,0.346
1345,0.755
1346,0.096
1347,0.27
1348,0.329
1349,0.044
1350,0.27
1351,0.024
1352,0.29
1353,0.08
1354,0.007
1355,0.327
1356,-0.008
1357,-0.157
1358,0.016
1359,0.082
1360,0.19
1361,0.08
1362,0.03
1363,0.135
1364,0.029
1365,0.114
1366,-0.023
1367,0.027
1368,0.508
1369,-0.048
1370,-0.112
1371,-0.056
1372,-0.036
1373,-0.025
1374,0.37
1375,0.027
1376,0.244
1377,0.237
1378,0.031
1379,0.34
1380,0.03
1381,0.294
1382,0.156
1383,0.241
1384,0.099
1385,0.324
1386,0.254
1387,0.319
1388,0.027
1389,0.45
1390,0.098
1391,0.22
1392,0.1
1393,0.167
1394,-0.07
1395,0.41
1396,0.23
1397,-0.319
1398,0.045
1399,0.246
1400,-0.204
1401,1.22
1402,0.432
1403,0.377
1404,-0.331
1405,0.025
1406,0.06
1407,0.423
1408,0.216
1409,0.229
1410,0.425
1411,0.181
1412,0.104
1413,0.263
1414,0.259
1415,0.21
1416,-0.021
1417,0.147
1418,0.051
1419,0.002
1420,-0.143
1421,1.705
1422,0.129
1423,0.003
1424,-0.068
1425,0.031
1426,0.014
1427,0.104
1428,0.132
1429,0.172
1430,0.06
1431,0.352
1432,0.149
1433,0.027
1434,0.662
1435,0.101
1436,-0.15
1437,0.303
1438,0.33
1439,0.16
1440,0.138
1441,0.58
1442,0.235
1443,0.53
1444,0.11
1445,1.105
1446,0.521
1447,0.183
1448,0.782
1449,0.015
1450,1.28
1451,0.29
1452,1.57
1453,0.235
1454,2.43
1455,0.175
1456,0.53
1457,0.444
1458,0.423
1459,0.047
1460,0.379
1461,0.807
1462,0.569
1463,0.117
1464,1.493
1465,0.183
1466,0.37
1467,0.387
1468,1.33
1469,0.15
1470,0.048
1471,0.458
1472,0.27
1473,0.58
1474,0.242
1475,0.145
1476,0.221
1477,0.576
1478,0.27
1479,0.234
1480,0.079
1481,-0.026
1482,0.29
1483,-0.002
1484,0.636
1485,0.252
1486,-0.078
1487,0.19
1488,0.211
1489,0.642
1490,0.21
1491,0.032
1492,0.29
1493,0.29
1494,0.636
1495,0.156
1496,0.429
1497,0.32
1498,1.04
1499,0.55
1500,0.339
1501,0.582
1502,0.038
1503,0.461
1504,0.33
1505,0.042
1506,0.158
1507,0.334
1508,0.32
1509,0.37
1510,0.186
1511,0.322
1512,0.474
1513,0.141
1514,0.04
1515,0.279
1516,0.153
1517,0.228
1518,0.768
1519,0.08
1520,1.91
1521,0.343
1522,0.015
1523,0.225
1524,0.796
1525,0.266
1526,1.15
1527,0.45
1528,0.198
1529,0.569
1530,0.094
1531,-0.639
1532,-0.016
1533,1.102
1534,0.007
1535,0.76
1536,0.239
1537,0.048
1538,0.327
1539,0.458
1540,0.6
1541,-0.138
1542,0.209
1543,0.84
1544,0.14
1545,1.13
1546,0.12
1547,0.57
1548,0.016
1549,0.199
1550,0.91
1551,0.523
1552,0.24
1553,0.55
1554,0.238
1555,0.883
1556,0.389
1557,0.79
1558,0.033
1559,0.396
1560,1.203
1561,0.273
1562,2.782
1563,-0.036
1564,0.24
1565,0.16
1566,0.378
1567,0.354
1568,0.65
1569,0.323
1570,0.663
1571,0.755
1572,0.331
1573,0.258
1574,0.273
1575,0.33
1576,0.64
1577,0.12
1578,-0.844
1579,-0.052
1580,0.178
1581,0.08
1582,0.213
1583,0.447
1584,0.249
1585,0.016
1586,0.216
1587,0.229
1588,-0.07
1589,1.338
1590,0.048
1591,0.008
1592,0.418
1593,0.045
1594,0.87
1595,0.218
1596,0.252
1597,0.36
1598,0.175
1599,0.04
1600,0.42
1601,0.331
1602,0.43
1603,0.01
1604,0.02
1605,0.088
1606,0.133
1607,0.171
1608,0.055
1609,0.16
1610,0.474
1611,0.039
1612,0.947
1613,0.42
1614,-0.014
1615,0.127
1616,0.756
1617,0.315
1618,1.215
1619,1.45
1620,0.66
1621,0.029
1622,0.183
1623,0.436
1624,0.429
1625,0.129
1626,1.45
1627,0.63
1628,0.223
1629,0.04
1630,0.52
1631,0.107
1632,0.65
1633,-0.13
1634,0.5
1635,0.071
1636,0.551
1637,0.277
1638,0.418
1639,0.28
1640,0.12
1641,0.67
1642,1.912
1643,-0.102
1644,0.46
1645,0.571
1646,0.094
1647,0.08
1648,0.351
1649,0.247
1650,0.29
1651,0.343
1652,0.185
1653,0.366
1654,0.487
1655,0.007
1656,0.718
1657,0.14
1658,0.78
1659,0.54
1660,-0.12
1661,0.476
1662,0.483
1663,0.01
1664,1.58
1665,0.3
1666,0.259
1667,0.82
1668,0.29
1669,0.018
1670,0.132
1671,0.22
1672,0.431
1673,2.26
1674,0.205
1675,0.103
1676,0.376
1677,0.168
1678,0.021
1679,0.32
1680,0.28
1681,1.494
1682,-0.02
1683,1.6
1684,0.76
1685,1.8
1686,0.038
1687,0.308
1688,0.062
1689,0.35
1690,0.649
1691,0.398
1692,0.008
1693,0.491
1694,0.744
1695,-1.44
1696,0.734
1697,0.048
1698,0.487
1699,0.01
1700,0.133
1701,0.063
1702,0.612
1703,1.09
1704,-0.024
1705,0.13
1706,1.17
1707,0.82
1708,2.83
1709,0.241
1710,0.146
1711,0.299
1712,0.27
1713,0.19
1714,0.1
1715,0.347
1716,0.167
1717,0.192
1718,0.233
1719,0.05
1720,0.741
1721,0.32
1722,0.42
1723,0.88
1724,0.479
1725,0.73
1726,1.118
1727,0.1
1728,0.174
1729,-0.092
1730,0.069
1731,0.105
1732,0.609
1733,0.209
1734,0.26
1735,0.123
1736,0.32
1737,-0.102
1738,0.203
1739,0.413
1740,0.038
1741,0.59
1742,0.146
1743,0.052
1744,0.457
1745,-0.023
1746,0.393
1747,0.294
1748,0.3
1749,0.38
1750,0.545
1751,0.182
1752,0.068
1753,0.125
1754,0.238
1755,0.27
1756,0.017
1757,0.075
1758,0.38
1759,0.113
1760,0.109
1761,0.07
1762,0.09
1763,0.15
1764,0.668
1765,0.202
1766,0.34
1767,0.421
1768,1.225
1769,1.12
1770,0.106
1771,0.074
1772,0.61
1773,0.59
1774,0.17
1775,0.05
1776,0.625
1777,0.222
1778,0.66
1779,0.064
1780,0.747
1781,0.5
1782,0.85
1783,0.511
1784,0.288
1785,0.564
1786,0.058
1787,0.305
1788,0.017
1789,1.21
1790,-0.038
1791,0.747
1792,0.118
1793,0.524
1794,-0.044
1795,0.168
1796,0.302
1797,0.192
1798,0.72
1799,0.137
1800,0.247
1801,-0.026
1802,0.23
1803,0.133
1804,2.59
1805,1.11
1806,0.126
1807,0.339
1808,0.748
1809,0.15
1810,0.19
1811,0.228
1812,0.115
1813,0.645
1814,0.059
1815,0.137
1816,0.271
1817,0.303
1818,1.191
1819,0.27
1820,1.3
1821,0.234
1822,0.75
1823,0.15
1824,0.197
1825,-0.549
1826,0.357
1827,0.492
1828,0.037
1829,-0.75
1830,-0.095
1831,0.342
1832,-0.209
1833,0.28
1834,0.13
1835,0.014
1836,0.45
1837,0.274
1838,1.16
1839,0.09
1840,0.722
1841,1.315
1842,0.224
1843,0.084
1844,0.6
1845,0.291
1846,-0.021
1847,0.225
1848,0.53
1849,0.144
1850,0.42
1851,0.043
1852,0.356
1853,0.286
1854,2.24
1855,0.492
1856,0.58
1857,2.201
1858,1.37
1859,0.323
1860,0.712
1861,1.603
1862,0.44
1863,0.3
1864,0.241
1865,0.049
1866,0.06
1867,0.304
1868,0.658
1869,0.481
1870,0.082
1871,0.38
1872,0.05
1873,0.578
1874,0.379
1875,1.387
1876,1.04
1877,0.09
1878,0.57
1879,0.091
1880,0.105
1881,0.44
1882,0.539
1883,0.55
1884,0.116
1885,0.057
1886,0.199
1887,0.17
1888,0.632
1889,-0.007
1890,0.57
1891,0.042
1892,0.238
1893,0.35
1894,0.19
1895,0.23
1896,0.536
1897,-0.018
1898,1.106
1899,0.48
1900,2.61
1901,0.385
1902,0.213
1903,0.014
1904,0.43
1905,0.31
1906,0.479
1907,0.23
1908,0.28
1909,0.1
1910,0.385
1911,0.203
1912,0.05
1913,0.031
1914,0.012
1915,0.044
1916,0.444
1917,0.123
1918,0.48
1919,0.749
1920,0.201
1921,0.05
1922,0.11
1923,0.369
1924,0.109
1925,0.667
1926,0.449
1927,0.245
1928,0.185
1929,1.452
1930,0.18
1931,0.245
1932,0.124
1933,0.146
1934,0.223
1935,0.597
1936,0.15
1937,0.279
1938,0.22
1939,0.41
1940,0.266
1941,0.5
1942,0.336
1943,0.87
1944,0.781
1945,0.81
1946,0.387
1947,0.09
1948,0.115
1949,0.73
1950,0.144
1951,0.167
1952,-0.172
1953,0.592
1954,0.1
1955,0.14
1956,0.019
1957,0.169
1958,1.6
1959,2.264
1960,0.06
1961,0.149
1962,0.055
1963,0.217
1964,0.366
1965,0.11
1966,0.277
1967,0.1
1968,0.462
1969,0.982
1970,0.102
1971,0.182
1972,0.1
1973,0.284
1974,0.473
1975,0.125
1976,0.267
1977,0.187
1978,0.164
1979,0.146
1980,0.65
1981,0.408
1982,-0.044
1983,1.55
1984,0.201
1985,0.051
1986,0.396
1987,0.404
1988,0.346
1989,0.124
1990,0.042
1991,-0.085
1992,0.427
1993,0.063
1994,0.103
1995,1.09
1996,0.55
1997,0.567
1998,-0.087
1999,0.553
2000,0.11
2001,0.011
2002,0.85
2003,0.145
2004,0.166
2005,0.091
2006,-0.076
2007,0.091
2008,0.555
2009,0.15
2010,0.72
2011,0.227
2012,0.024
2013,1.3
2014,0.24
2015,0.212
2016,-0.331
2017,-0.002
2018,0.55
2019,1.15
2020,0.166
2021,0.253
2022,0.102
2023,-0.019
2024,1.64
2025,0.407
2026,1.29
2027,0.161
2028,0.15
2029,0.106
2030,0.425
2031,0.45
2032,3.891
2033,0.455
2034,1.006
2035,0.093
2036,0.188
2037,0.134
2038,1.121
2039,0.08
2040,-0.317
2041,0.018
2042,0.711
2043,0.084
2044,0.192
2045,-0.01
2046,0.48
2047,0.381
2048,0.302
2049,0.203
2050,0.41
2051,0.372
2052,1.359
2053,0.213
2054,0.286
2055,0.52
2056,0.128
2057,2.1
2058,0.18
2059,0.363
2060,0.56
2061,-0.165
2062,0.12
2063,0.274
2064,0.076
2065,0.1
2066,1.318
2067,1.852
2068,0.435
2069,0.378
2070,0.26
2071,-0.458
2072,0.198
2073,0.091
2074,0.76
2075,0.767
2076,-0.766
2077,0.26
2078,0.141
2079,0.159
2080,0.039
2081,0.32
2082,0.654
2083,0.135
2084,0.46
2085,0.113
2086,0.264
2087,0.21
2088,0.72
2089,0.63
2090,0.176
2091,1.012
2092,0.217
2093,0.09
2094,0.044
2095,0.83
2096,0.584
2097,0.2
2098,0.308
2099,0.14
2100,0.001
2101,0.317
2102,0.116
2103,0.434
2104,0.074
2105,0.269
2106,0.32
2107,0.106
2108,0.26
2109,0.062
2110,0.102
2111,0.551
2112,0.196
2113,0.106
2114,0.381
2115,0.15
2116,0.133
2117,0.13
2118,0.57
2119,0.21
2120,0.25
2121,1.415
2122,0.219
2123,0.171
2124,0.38
2125,0.067
2126,0.015
2127,0.014
2128,-0.249
2129,0.577
2130,0.208
2131,0.023
2132,0.241
2133,0.638
2134,0.043
2135,0.14
2136,0.4
2137,0.83
2138,0.1
2139,0.368
2140,0.035
2141,2.34
2142,1.761
2143,0.333
2144,0.088
2145,0.332
2146,0.35
2147,0.083
2148,0.225
2149,0.17
2150,-0.067
2151,-0.65
2152,-0.603
2153,0.05
2154,0.098
2155,0.341
2156,1.192
2157,1.128
2158,1.04
2159,0.93
2160,0.388
2161,0.31
2162,1.172
2163,2.501
2164,0.64
2165,0.034
2166,0.02
2167,0.008
2168,1.152
2169,0.14
2170,0.337
2171,-0.158
2172,0.289
2173,0.83
2174,0.557
2175,0.252
2176,0.081
2177,0.645
2178,0.118
2179,0.05
2180,0.392
2181,0.78
2182,0.174
2183,0.012
2184,0.306
2185,0.116
2186,0.15
2187,0.031
2188,0.98
2189,1.03
2190,0.34
2191,0.28
2192,1.168
2193,-0.074
2194,0.421
2195,0.48
2196,0.009
2197,-0.09
2198,0.3
2199,0.186
2200,0.45
2201,0.35
2202,0.259
2203,0.244
2204,0.692
2205,0.244
2206,0.753
2207,0.318
2208,0.036
2209,0.98
2210,0.138
2211,0.18
2212,0.118
2213,0.547
2214,0.228
2215,0.015
2216,1.287
2217,0.257
2218,0.116
2219,0.177
2220,0.934
2221,0.593
2222,0.18
2223,0.49
2224,0.115
2225,0.931
2226,0.121
2227,0.268
2228,0.106
2229,0.35
2230,1.7
2231,0.367
2232,0.37
2233,0.3
2234,0.265
2235,-0.019
2236,0.339
2237,0.396
2238,0.158
2239,0.08
2240,0.081
2241,0.32
2242,0.111
2243,0.201
2244,0.115
2245,0.211
2246,0.35
2247,0.244
2248,0.33
2249,0.383
2250,0.22
2251,0.341
2252,1.59
2253,0.075
2254,0.183
2255,0.944
2256,1.09
2257,0.502
2258,0.191
2259,0.11
2260,-0.154
2261,-0.1
2262,0.09
2263,0.18
2264,0.45
2265,0.177
2266,0.119
2267,-0.12
2268,0.45
2269,0.847
2270,-0.131
2271,1.4
2272,0.053
2273,0.203
2274,0.07
2275,0.049
2276,0.48
2277,0.451
2278,0.96
2279,0.14
2280,0.409
2281,0.044
2282,0.201
2283,0.56
2284,0.263
2285,0.179
2286,0.329
2287,0.06
2288,0.136
2289,0.64
2290,0.066
2291,0.025
2292,0.056
2293,-0.477
2294,0.835
2295,0.044
2296,0.171
2297,0.114
2298,0.169
2299,0.21
2300,0.441
2301,0.08
2302,0.463
2303,0.24
2304,0.179
2305,0.85
2306,0.19
2307,0.392
2308,0.202
2309,0.135
2310,0.413
2311,0.013
2312,0.749
2313,0.593
2314,0.934
2315,0.577
2316,0.048
2317,0.34
2318,0.481
2319,0.176
2320,0.675
2321,0.164
2322,0.285
2323,1.055
2324,0.697
2325,0.001
2326,1.21
2327,0.08
2328,0.077
2329,0.079
2330,0.118
2331,1.65
2332,0.111
2333,0.083
2334,0.225
2335,0.345
2336,0.003
2337,0.38
2338,0.673
2339,0.145
2340,-0.28
2341,0.223
2342,0.125
2343,0.13
2344,0.079
2345,0.285
2346,0.002
2347,0.89
2348,0.113
2349,0.612
2350,0.344
2351,0.28
2352,0.8
2353,0.14
2354,0.313
2355,0.067
2356,1.26
2357,0.702
2358,0.08
2359,0.129
2360,0.078
2361,0.449
2362,0.077
2363,0.049
2364,0.18
2365,0.07
2366,0.131
2367,0.6
2368,0.013
2369,0.224
2370,0.35
2371,0.619
2372,0.22
2373,0.08
2374,0.091
2375,0.021
2376,0.601
2377,-0.039
2378,0.92
2379,-0.092
2380,0.07
2381,0.579
2382,0.17
2383,0.17
2384,0.128
2385,0.107
2386,0.116
2387,0.144
2388,0.01
2389,0.672
2390,0.67
2391,0.24
2392,0.099
2393,0.22
2394,-0.022
2395,0.81
2396,1.14
2397,0.167
2398,1.04
2399,0.277
2400,1.15
2401,0.13
2402,0.58
2403,0.274
2404,0.02
2405,0.77
2406,0.544
2407,0.294
2408,0.31
2409,0.092
2410,0.695
2411,0.07
2412,0.439
2413,0.46
2414,0.04
2415,0.133
2416,0.39
2417,0.003
2418,0.401
2419,0.152
2420,0.335
2421,0.162
2422,0.176
2423,0.531
2424,0.17
2425,0.022
2426,0.463
2427,0.111
2428,0.347
2429,0.145
2430,0.031
2431,0.051
2432,0.451
2433,0.369
2434,0.678
2435,0.36
2436,0.026
2437,0.213
2438,-0.106
2439,0.35
2440,0.48
2441,0.4
2442,0.007
2443,0.146
2444,0.597
2445,0.21
2446,0.27
2447,0.27
2448,0.091
2449,0.143
2450,0.03
2451,1.085
2452,0.332
2453,0.29
2454,0.4
2455,0.53
2456,0.049
2457,0.159
2458,0.331
2459,0.518
2460,1.054
2461,0.201
2462,0.48
2463,0.086
2464,0.35
2465,0.073
2466,-0.574
2467,0.468
2468,0.169
2469,0.246
2470,0.145
2471,0.845
2472,0.15
2473,0.46
2474,0.426
2475,0.14
2476,0.05
2477,0.08
2478,0.86
2479,0.16
2480,0.348
2481,0.406
2482,1.049
2483,-0.062
2484,0.159
2485,0.929
2486,0.181
2487,0.232
2488,0.102
2489,0.14
2490,0.291
2491,0.519
2492,-0.016
2493,0.051
2494,0.27
2495,0.604
2496,0.078
2497,0.38
2498,0.3
2499,0.051
2500,0.853
2501,0.147
2502,0.32
2503,0.2
2504,0.223
2505,0.74
2506,0.21
2507,0.125
2508,0.19
2509,1.128
2510,0.5
2511,0.41
2512,0.12
2513,0.352
2514,0.006
2515,0.049
2516,1.1
2517,1.464
2518,0.336
2519,0.527
2520,0.23
2521,0.033
2522,0.056
2523,-0.07
2524,2.57
2525,0.653
2526,0.458
2527,0.437
2528,0.107
2529,1.42
2530,0.47
2531,0.306
2532,1.36
2533,0.022
2534,0.383
2535,0.295
2536,0.167
2537,0.07
2538,0.192
2539,0.55
2540,0.27
2541,0.47
2542,0.18
2543,1.23
2544,0.55
2545,0.145
2546,0.505
2547,0.015
2548,1.32
2549,-0.375
2550,0.23
2551,0.488
2552,0.07
2553,0.145
2554,0.4
2555,-0.958
2556,0.77
2557,0.226
2558,0.12
2559,0.22
2560,0.097
2561,0.118
2562,1.214
2563,0.266
2564,0.84
2565,0.27
2566,0.257
2567,0.805
2568,0.01
2569,0.36
2570,0.263
2571,0.128
2572,2.03
2573,0.399
2574,-0.475
2575,0.19
2576,0.618
2577,0.01
2578,0.85
2579,0.023
2580,0.109
2581,0.98
2582,0.909
2583,0.293
2584,0.57
2585,0.287
2586,0.039
2587,0.69
2588,0.261
2589,0.41
2590,-0.05
2591,0.35
2592,0.017
2593,0.452
2594,0.21
2595,0.417
2596,0.84
2597,1.3
2598,0.13
2599,0.35
2600,-0.089
2601,0.082
2602,0.226
2603,0.195
2604,0.21
2605,0.5
2606,0.27
2607,0.092
2608,0.026
2609,0.156
2610,0.54
2611,0.154
2612,0.29
2613,0.79
2614,0.66
2615,0.058
2616,0.06
2617,0.32
2618,0.013
2619,0.41
2620,0.132
2621,-0.12
2622,0.69
2623,0.22
2624,0.181
2625,0.61
2626,0.08
2627,0.259
2628,-0.062
2629,0.53
2630,0.087
2631,0.05
2632,0.042
2633,0.204
2634,0.205
2635,0.256
2636,0.851
2637,1.288
2638,0.302
2639,0.037
2640,0.23
2641,0.336
2642,0.022
2643,0.082
2644,0.047
2645,0.201
2646,0.074
2647,0.165
2648,0.884
2649,0.44
2650,0.05
2651,0.27
2652,0.19
2653,1.378
2654,0.474
2655,0.755
2656,0.21
2657,1.617
2658,0.699
2659,0.2
2660,1.295
2661,0.302
2662,0.3
2663,0.54
2664,0.301
2665,0.59
2666,0.63
2667,0.11
2668,0.71
2669,0.36
2670,0.397
2671,0.541
2672,0.202
2673,-0.013
2674,0.207
2675,0.143
2676,1.37
2677,0.006
2678,0.336
2679,1.07
2680,0.43
2681,0.127
2682,0.387
2683,0.754
2684,0.036
2685,0.098
2686,0.236
2687,0.34
2688,0.197
2689,0.439
2690,1.35
2691,1.98
2692,0.258
2693,0.435
2694,-0.085
2695,0.218
2696,0.056
2697,0.253
2698,0.75
2699,0.262
2700,0.077
2701,0.073
2702,0.119
2703,-0.031
2704,0.299
2705,0.09
2706,0.15
2707,0.422
2708,0.073
2709,0.395
2710,0.051
2711,0.064
2712,1.466
2713,0.159
2714,0.527
2715,0.13
2716,0.091
2717,0.57
2718,0.571
2719,0.12
2720,0.038
2721,0.44
2722,0.553
2723,0.29
2724,0.039
2725,0.389
2726,0.193
2727,0.203
2728,0.17
2729,0.11
2730,0.619
2731,0.597
2732,0.449
2733,-0.162
2734,0.28
2735,0.675
2736,0.42
2737,0.058
2738,0.13
2739,0.37
2740,0.164
2741,0.129
2742,0.471
2743,0.292
2744,0.57
2745,0.26
2746,0.41
2747,0.479
2748,8.53
2749,0.32
2750,0.31
2751,0.8
2752,0.233
2753,0.098
2754,0.3
2755,0.187
2756,0.19
2757,0.208
2758,0.057
2759,0.49
2760,1.15
2761,0.637
2762,0.24
2763,0.418
2764,0.73
2765,0.252
2766,0.78
2767,0.2
2768,0.69
2769,1.71
2770,0.398
2771,0.61
2772,0.061
2773,0.128
2774,0.197
2775,0.145
2776,0.41
2777,0.233
2778,0.17
2779,-0.56
2780,0.162
2781,0.689
2782,0.3
2783,0.011
2784,0.092
2785,0.142
2786,0.159
2787,0.14
2788,0.199
2789,0.049
2790,1.43
2791,0.13
2792,0.806
2793,0.072
2794,0.052
2795,0.468
2796,0.55
2797,0.104
2798,1.48
2799,0.19
2800,1.04
2801,0.6
2802,0.166
2803,0.496
2804,0.503
2805,0.29
2806,0.637
2807,0.061
2808,0.28
2809,0.303
2810,0.246
2811,0.136
2812,0.434
2813,0.205
2814,0.235
2815,0.327
2816,-0.059
2817,0.044
2818,0.107
2819,0.078
2820,0.442
2821,-0.023
2822,1.75
2823,1.08
2824,0.21
2825,0.168
2826,0.014
2827,1.199
2828,0.373
2829,0.66
2830,0.512
2831,0.384
2832,0.702
2833,0.17
2834,0.79
2835,0.285
2836,0.265
2837,0.78
2838,0.217
2839,0.669
2840,0.536
2841,0.038
2842,0.16
2843,0.88
2844,-0.039
2845,0.119
2846,0.575
2847,1.94
2848,2.44
2849,0.439
2850,0.358
2851,3.91
2852,-0.135
2853,0.159
2854,0.11
2855,0.182
2856,0.019
2857,0.596
2858,-0.008
2859,0.107
2860,0.262
2861,0.198
2862,0.864
2863,0.626
2864,0.024
2865,0.23
2866,0.008
2867,0.117
2868,0.24
2869,0.572
2870,0.69
2871,0.517
2872,0.123
2873,0.977
2874,2.11
2875,0.191
2876,0.28
2877,0.361
2878,0.93
2879,0.18
2880,0.024
2881,0.291
2882,0.024
2883,0.95
2884,0.03
2885,0.13
2886,0.293
2887,0.636
2888,1.29
2889,0.092
2890,1.49
2891,0.605
2892,0.151
2893,0.878
2894,0.09
2895,0.57
2896,0.159
2897,0.068
2898,0.21
2899,0.278
2900,-0.276
2901,0.195
2902,0.012
2903,0.72
2904,0.373
2905,2.78
2906,0.107
2907,0.28
2908,0.99
2909,-0.114
2910,0.245
2911,0.397
2912,0.42
2913,0.053
2914,0.105
2915,1.274
2916,0.254
2917,0.537
2918,0.122
2919,0.879
2920,0.25
2921,0.309
2922,0.3
2923,0.096
2924,0.108
2925,0.53
2926,0.35
2927,0.149
2928,0.73
2929,0.683
2930,-0.019
2931,0.421
2932,0.193
2933,0.42
2934,0.264
2935,0.277
2936,0.355
2937,0.87
2938,0.951
2939,0.109
2940,0.395
2941,0.43
2942,0.371
2943,0.236
2944,0.285
2945,0.089
2946,0.17
2947,0.51
2948,0.034
2949,0.037
2950,0.38
2951,0.22
2952,0.143
2953,0.269
2954,0.13
2955,0.107
2956,0.521
2957,0.006
2958,0.134
2959,0.04
2960,0.46
2961,0.376
2962,0.255
2963,0.29
2964,0.08
2965,0.201
2966,0.41
2967,0.182
2968,-0.003
2969,0.09
2970,0.75
2971,0.324
2972,0.009
2973,0.15
2974,0.143
2975,0.6
2976,-0.85
2977,0.14
2978,0.008
2979,2.07
2980,0.016
2981,0.103
2982,0.1
2983,0.852
2984,0.46
2985,0.39
2986,0.161
2987,0.328
2988,0.67
2989,0.314
2990,0.54
2991,0.898
2992,0.19
2993,0.22
2994,0.36
2995,0.306
2996,2.541
2997,0.17
2998,0.103
2999,0.004
3000,0.225
3001,0.21
3002,0.109
3003,0.703
3004,0.129
3005,0.015
3006,0.19
3007,0.36
3008,0.51
3009,0.101
3010,0.526
3011,0.379
3012,1.48
3013,0.68
3014,0.157
3015,0.59
3016,0.101
3017,0.9
3018,0.506
3019,0.77
3020,0.129
3021,0.54
3022,0.564
3023,0.04
3024,0.563
3025,0.16
3026,0.821
3027,0.779
3028,0.377
3029,-0.053
3030,0.2
3031,0.74
3032,0.58
3033,0.007
3034,0.22
3035,-1.493
3036,0.061
3037,0.143
3038,0.41
3039,0.55
3040,1.524
3041,0.027
3042,0.139
3043,1.408
3044,2.51
3045,0.369
3046,0.569
3047,0.07
3048,0.215
3049,0.103
3050,0.227
3051,1.13
3052,0.119
3053,0.73
3054,0.141
3055,0.002
3056,0.53
3057,0.234
3058,0.756
3059,0.127
3060,0.47
3061,0.382
3062,0.28
3063,0.065
3064,0.087
3065,0.172
3066,0.139
3067,0.43
3068,1.456
3069,0.6
3070,1.387
3071,0.117
3072,0.17
3073,0.075
3074,1.053
3075,0.767
3076,0.31
3077,0.18
3078,0.4
3079,0.705
3080,0.85
3081,0.096
3082,0.9
3083,0.15
3084,0.096
3085,0.599
3086,0.409
3087,0.382
3088,0.136
3089,0.04
3090,0.42
3091,-0.16
3092,0.85
3093,0.08
3094,0.74
3095,0.165
3096,0.303
3097,0.004
3098,0.038
3099,0.38
3100,0.214
3101,0.102
3102,-0.24
3103,0.367
3104,1.78
3105,0.723
3106,0.57
3107,0.179
3108,0.57
3109,0.091
3110,0.06
3111,0.33
3112,0.187
3113,0.512
3114,0.009
3115,0.113
3116,0.276
3117,1.311
3118,0.638
3119,0.22
3120,0.076
3121,0.267
3122,0.712
3123,0.192
3124,0.13
3125,0.21
3126,0.15
3127,0.166
3128,0.52
3129,0.839
3130,0.008
3131,0.025
3132,2.06
3133,0.095
3134,0.19
3135,0.17
3136,1.65
3137,1.9
3138,0.004
3139,0.534
3140,0.17
3141,0.63
3142,0.142
3143,0.263
3144,0.121
3145,0.118
3146,0.032
3147,0.2
3148,0.037
3149,0.05
3150,0.355
3151,0.138
3152,0.149
3153,0.199
3154,0.86
3155,0.13
3156,-0.005
3157,0.62
3158,0.091
3159,0.248
3160,0.39
3161,0.342
3162,-0.062
3163,0.71
3164,1.12
3165,0.39
3166,0.3
3167,0.69
3168,0.14
3169,0.42
3170,0.24
3171,1.982
3172,0.028
3173,0.181
3174,0.306
3175,0.07
3176,0.54
3177,0.287
3178,0.378
3179,0.376
3180,0.046
3181,0.48
3182,0.053
3183,-0.222
3184,0.617
3185,0.544
3186,0.74
3187,0.25
3188,0.274
3189,-0.698
3190,1.93
3191,-0.023
3192,0.247
3193,0.56
3194,0.39
3195,0.11
3196,0.497
3197,2.992
3198,0.13
3199,0.137
3200,0.091
3201,0.686
3202,0.388
3203,0.284
3204,0.193
3205,0.191
3206,0.326
3207,-0.022
3208,0.136
3209,0.24
3210,0.72
3211,0.83
3212,0.038
3213,0.197
3214,1.15
3215,0.181
3216,0.111
3217,0.22
3218,0.259
3219,0.074
3220,0.64
3221,0.32
3222,0.237
3223,0.54
3224,0.535
3225,0.443
3226,0.2
3227,0.203
3228,0.089
3229,0.053
3230,0.231
3231,0.258
3232,0.319
3233,0.35
3234,0.42
3235,0.68
3236,0.48
3237,0.094
3238,1.51
3239,0.745
3240,0.066
3241,0.34
3242,0.35
3243,-0.018
3244,0.41
3245,0.231
3246,0.036
3247,0.024
3248,0.25
3249,1.67
3250,0.031
3251,0.252
3252,0.56
3253,-0.011
3254,0.56
3255,0.32
3256,0.285
3257,-0.216
3258,0.339
3259,0.293
3260,0.176
3261,0.33
3262,0.718
3263,0.48
3264,-0.605
3265,0.525
3266,0.145
3267,1.23
3268,0.514
3269,0.9
3270,1.148
3271,0.35
3272,0.22
3273,0.41
3274,0.274
3275,0.245
3276,0.4
3277,0.918
3278,0.247
3279,0.076
3280,0.079
3281,0.73
3282,0.252
3283,-0.026
3284,0.126
3285,0.09
3286,0.179
3287,0.716
3288,1.28
3289,0.89
3290,0.33
3291,1.33
3292,0.147
3293,0.303
3294,0.461
3295,0.227
3296,0.49
3297,0.507
3298,0.266
3299,0.773
3300,0.242
3301,0.52
3302,0.169
3303,0.089
3304,0.79
3305,0.068
3306,0.06
3307,0.25
3308,0.564
3309,0.041
3310,1.063
3311,1.803
3312,0.112
3313,1.57
3314,0.18
3315,0.34
3316,0.28
3317,0.26
3318,0.8
3319,0.3
3320,0.29
3321,0.27
3322,0.015
3323,0.754
3324,0.148
3325,0.05
3326,0.852
3327,0.372
3328,0.56
3329,0.19
3330,0.23
3331,0.051
3332,0.32
3333,0.26
3334,0.051
3335,0.27
3336,-0.112
3337,1.81
3338,1.02
3339,0.39
3340,0.193
3341,0.79
3342,0.232
3343,0.103
3344,0.628
3345,0.369
3346,0.007
3347,0.245
3348,1.38
3349,0.546
3350,0.41
3351,0.2
3352,0.078
3353,0.43
3354,0.583
3355,0.29
3356,0.18
3357,0.439
3358,0.59
3359,0.644
3360,0.51
3361,0.017
3362,0.267
3363,0.965
3364,0.21
3365,0.18
3366,1.05
3367,0.56
3368,0.171
3369,0.53
3370,0.18
3371,0.53
3372,0.04
3373,0.31
3374,0.62
3375,1.08
3376,0.601
3377,0.5
3378,0.041
3379,0.146
3380,0.249
3381,1.7
3382,0.49
3383,1.367
3384,0.19
3385,0.268
3386,-0.455
3387,-0.052
3388,0.57
3389,0.34
3390,0.42
3391,0.33
3392,0.116
3393,0.57
3394,0.25
3395,0.005
3396,0.6
3397,0.27
3398,1.38
3399,0.31
3400,0.35
3401,1.217
3402,0.08
3403,0.3
3404,0.299
3405,0.232
3406,0.24
3407,0.48
3408,0.44
3409,0.175
3410,1.45
3411,-0.414
3412,0.53
3413,0.336
3414,0.086
3415,0.29
3416,0.035
3417,0.28
3418,0.415
3419,0.261
3420,0.151
3421,0.055
3422,0.144
3423,0.108
3424,0.836
3425,0.33
3426,0.7
3427,0.058
3428,0.424
3429,0.09
3430,0.397
3431,0.096
3432,0.031
3433,0.763
3434,-0.213
3435,0.6
3436,0.07
3437,0.34
3438,0.19
3439,0.7
3440,0.04
3441,0.539
3442,0.327
3443,0.131
3444,0.112
3445,0.301
3446,0.21
3447,0.73
3448,2.13
3449,0.011
3450,0.54
3451,0.49
3452,1.083
3453,0.08
3454,0.27
3455,-0.455
3456,0.121
3457,0.005
3458,-0.029
3459,0.017
3460,0.102
3461,0.27
3462,0.066
3463,0.366
3464,0.135
3465,0.42
3466,0.15
3467,0.178
3468,0.44
3469,0.271
3470,0.31
3471,0.145
3472,0.105
3473,0.29
3474,0.01
3475,0.41
3476,0.221
3477,0.97
3478,0.017
3479,0.118
3480,0.049
3481,0.327
3482,0.35
3483,0.66
3484,0.452
3485,1.915
3486,0.054
3487,0.83
3488,0.37
3489,0.18
3490,0.5
3491,0.014
3492,0.843
3493,0.105
3494,0.28
3495,0.06
3496,-0.026
3497,0.203
3498,0.035
3499,0.309
3500,0.033
3501,0.53
3502,0.101
3503,-0.109
3504,0.0
3505,0.0
3506,0.0
3507,0.0
3508,0.0
3509,0.0
3510,-0.379
3511,-0.59
3512,0.0
